exp_name,date,partition_id,dataset_name
exp_0,2025-07-30,1,01_output.csv
exp_0,2025-07-30,2,01_output.csv
exp_0,2025-07-30,3,01_output.csv
exp_0,2025-07-30,4,01_output.csv
exp_0,2025-07-30,5,01_output.csv
exp_0,2025-07-31,1,01_output.csv
exp_0,2025-07-31,2,01_output.csv
exp_0,2025-07-31,3,01_output.csv
exp_0,2025-07-31,4,01_output.csv
exp_0,2025-07-31,5,01_output.csv
exp_0,2025-07-31,1,02_output.csv
exp_0,2025-07-31,2,02_output.csv
exp_0,2025-07-31,3,02_output.csv
exp_0,2025-07-31,4,02_output.csv
exp_0,2025-08-12,1,02_output.csv
exp_0,2025-08-12,2,02_output.csv
exp_0,2025-08-12,3,02_output.csv
exp_0,2025-08-12,4,02_output.csv
exp_0,2025-08-18,1,02_output.csv
exp_0,2025-08-18,2,02_output.csv
exp_0,2025-08-18,3,02_output.csv
exp_0,2025-08-18,4,02_output.csv
exp_0,2025-08-19,1,02_output.csv
exp_0,2025-08-19,2,02_output.csv
exp_0,2025-08-19,3,02_output.csv
exp_0,2025-08-19,4,02_output.csv
exp_0,2025-08-20,1,02_output.csv
exp_0,2025-08-20,2,02_output.csv
exp_0,2025-08-20,3,02_output.csv
exp_0,2025-08-20,4,02_output.csv
exp_0,2025-08-20,1,03_output.csv
exp_0,2025-08-20,2,03_output.csv
exp_0,2025-08-20,3,03_output.csv
exp_0,2025-08-21,1,01_output.csv
exp_0,2025-08-21,2,01_output.csv
exp_0,2025-08-21,3,01_output.csv
exp_0,2025-08-21,4,01_output.csv
exp_0,2025-08-21,5,01_output.csv
exp_0,2025-08-21,1,02_output.csv
exp_0,2025-08-21,2,02_output.csv
exp_0,2025-08-21,3,02_output.csv
exp_0,2025-08-21,4,02_output.csv
exp_0,2025-08-21,1,03_output.csv
exp_0,2025-08-21,2,03_output.csv
exp_0,2025-08-21,3,03_output.csv
exp_0,2025-08-22,1,01_output.csv
exp_0,2025-08-22,2,01_output.csv
exp_0,2025-08-22,3,01_output.csv
exp_0,2025-08-22,4,01_output.csv
exp_0,2025-08-22,5,01_output.csv
exp_0,2025-08-22,1,02_output.csv
exp_0,2025-08-22,2,02_output.csv
exp_0,2025-08-22,3,02_output.csv
exp_0,2025-08-22,4,02_output.csv
exp_0,2025-08-22,1,03_output.csv
exp_0,2025-08-22,2,03_output.csv
exp_0,2025-08-22,3,03_output.csv
exp_1,2025-08-22,1,03_output.csv
exp_1,2025-08-22,2,03_output.csv
exp_1,2025-08-22,3,03_output.csv
exp_1,2025-08-22,4,03_output.csv
exp_1,2025-08-26,1,03_output.csv
exp_1,2025-08-26,2,03_output.csv
exp_1,2025-08-26,3,03_output.csv
exp_1,2025-08-26,4,03_output.csv
exp_0,2025-08-26,1,01_output.csv
exp_0,2025-08-26,2,01_output.csv
exp_0,2025-08-26,3,01_output.csv
exp_0,2025-08-26,4,01_output.csv
exp_0,2025-08-26,5,01_output.csv
exp_0,2025-08-26,1,03_output.csv
exp_0,2025-08-26,2,03_output.csv
exp_0,2025-08-26,3,03_output.csv
