exp_name,date,partition_id,dataset_name
exp_0,2025-09-05,1,01_output.csv
exp_0,2025-09-05,2,01_output.csv
exp_0,2025-09-05,4,01_output.csv
exp_0,2025-09-05,3,01_output.csv
exp_0,2025-09-05,6,02_output.csv
exp_0,2025-09-05,1,02_output.csv
exp_0,2025-09-05,5,02_output.csv
exp_0,2025-09-05,2,02_output.csv
exp_0,2025-09-05,3,02_output.csv
exp_0,2025-09-05,4,02_output.csv
exp_0,2025-09-05,1,03_output.csv
exp_0,2025-09-05,2,03_output.csv
exp_0,2025-09-05,3,03_output.csv
exp_0,2025-09-09,1,04_output.csv
exp_0,2025-09-09,2,04_output.csv
exp_0,2025-09-09,4,04_output.csv
exp_0,2025-09-09,3,04_output.csv
