saddr,saddr_raw,daddr,daddr_raw,ipid,ttl,classification,success,sport,dport,udp_pkt_size,data,icmp_responder,icmp_type,icmp_code,icmp_unreach_str,repeat,cooldown,timestamp_str,timestamp_ts,timestamp_us,version,mtype,token-length,code,mid,token,options
175.137.153.240,4036594095,192.168.0.123,2063640768,33295,53,udp,1,5683,40743,575,"</>;title=""General Info"";ct=0,</qlink/searchfh>;title=qlink/searchfh,</qlink/searchgw>;title=qlink/searchgw,</qlink/request>;title=qlink/request,</qlink/success>;title=qlink/success,</device/inform/bootstrap>;title=device/inform/bootstrap,</device/inform/boot>;title=device/inform/boot,</device/inform/syncreq>;title=device/inform/syncreq,</device/inform/offline>;title=device/inform/offline,</device/inform/heartbeat>;title=device/inform/heartbeat,</device/inform/data>;title=device/inform/data,</device/inform/change>;title=device/inform/change,</async>;ct=0",,,,,0,0,2025-10-20T14:05:18.069+0200,1760961918,69816,1,2,0,2.05 Content,32112,,"{""CONTENT_FORMAT"": ""LINKFORMAT""}"
183.214.57.170,2855917239,192.168.0.123,2063640768,30947,41,udp,1,5683,55944,285,"</qlink>,</qlink/searchgw>,</device>,</device/inform>,</device/inform/boot>,</device/inform/bootstrap>,</device/inform/data>,</device/inform/heartbeat>,</device/inform/offline>,</ekit>,</ekit/boot>,</ekit/bootstrap>,</ekit/heartbeat>,</ekit/searchgw>,</.well-known/core>",,,,,0,0,2025-10-20T14:05:20.160+0200,1760961920,160339,1,2,0,2.05 Content,32112,,"{""CONTENT_FORMAT"": ""LINKFORMAT""}"
182.119.6.121,2030466998,192.168.0.123,2063640768,63143,36,udp,1,5683,38012,112,"</qlink/searchdevice>;title=""QLINK-FIND Resource"",</qlink/netinfo>;title=""QLINK-NETINFO Resource""",,,,,0,0,2025-10-20T14:05:22.703+0200,1760961922,703465,1,2,0,2.05 Content,32112,,"{""CONTENT_FORMAT"": ""LINKFORMAT""}"
180.194.132.226,3800351412,192.168.0.123,2063640768,0,52,udp,1,5683,60959,524,"</>;title=""General Info"";ct=0,</qlink/searchfh>;title=qlink/searchfh,</qlink/searchgw>;title=qlink/searchgw,</qlink/request>;title=qlink/request,</qlink/success>;title=qlink/success,</device/inform/bootstrap>;title=device/inform/bootstrap,</device/inform/boot>;title=device/inform/boot,</device/inform/syncreq>;title=device/inform/syncreq,</device/inform/offline>;title=device/inform/offline,</device/inform/heartbeat>;title=device/inform/heartbeat,</device/inform/data>;title=device/inform/data,</async>;ct=0",,,,,0,0,2025-10-20T14:05:25.292+0200,1760961925,292099,1,2,0,2.05 Content,32112,,"{""CONTENT_FORMAT"": ""LINKFORMAT""}"
183.221.225.57,971103671,192.168.0.123,2063640768,51933,40,udp,1,5683,58695,991,"</qlink>,</qlink/ack>;title=""Qlink-ACK Resource"",</qlink/request>;title=""Qlink-Request Resource"",</qlink/searchgw>;title=""SearchGW Resource"",</qlink/success>;title=""Qlink-Success Resource"",</qlink/wlantest>;title=""Qlink-WLAN Resource"",</gw>,</gw/query>,</gw/query/DiagnotorConnection>;title=""Connect To Diagnotor"",</gw/query/apdevices>;title=""Inform Data Resource"",</gw/query/config>;title=""config-properties Resource"",</basic>,</basic/regist>;title=""Qlink-Regist Resource"",</basic/show>;title=""Qlink-SHOW Resource"",</device>,</device/command>,</device/command/control>;title=""Device Control Resource"",</device/command/data>;title=""Control Data Resource"",</device/inform>,</device/inform/boot>;title=""Boot-Request Resource"",</device/inform/bootstrap>;title=""bootstrap-Request Resource"",</device/inform/data>;obs;title=""Inform Data Resource"",</device/inform/heartbeat>;title=""HeartBeat Resource"",</device/inform/offline>;title=""ChildDevice Offline Resource"",</.well-known/core>",,,,,0,0,2025-10-20T14:05:27.345+0200,1760961927,345177,1,2,0,2.05 Content,32112,,"{""CONTENT_FORMAT"": ""LINKFORMAT""}"
172.236.144.43,730918060,192.168.0.123,2063640768,26113,47,udp,1,5683,42623,29,,,,,,0,0,2025-10-20T14:05:27.481+0200,1760961927,481992,1,0,0,GET,32112,,"{""URI_PATH"": "".well-known""}"
184.82.251.239,4026225336,192.168.0.123,2063640768,41690,49,udp,1,5683,34182,575,"</>;title=""General Info"";ct=0,</qlink/searchfh>;title=qlink/searchfh,</qlink/searchgw>;title=qlink/searchgw,</qlink/request>;title=qlink/request,</qlink/success>;title=qlink/success,</device/inform/bootstrap>;title=device/inform/bootstrap,</device/inform/boot>;title=device/inform/boot,</device/inform/syncreq>;title=device/inform/syncreq,</device/inform/offline>;title=device/inform/offline,</device/inform/heartbeat>;title=device/inform/heartbeat,</device/inform/data>;title=device/inform/data,</device/inform/change>;title=device/inform/change,</async>;ct=0",,,,,0,0,2025-10-20T14:05:29.501+0200,1760961929,501334,1,2,0,2.05 Content,32112,,"{""CONTENT_FORMAT"": ""LINKFORMAT""}"
172.238.108.41,695004844,192.168.0.123,2063640768,33814,48,udp,1,5683,54697,29,,,,,,0,0,2025-10-20T14:05:36.465+0200,1760961936,465136,1,0,0,GET,32112,,"{""URI_PATH"": "".well-known""}"
183.238.100.56,946138807,192.168.0.123,2063640768,28176,42,udp,1,5683,45359,285,"</qlink>,</qlink/searchgw>,</device>,</device/inform>,</device/inform/boot>,</device/inform/bootstrap>,</device/inform/data>,</device/inform/heartbeat>,</device/inform/offline>,</ekit>,</ekit/boot>,</ekit/bootstrap>,</ekit/heartbeat>,</ekit/searchgw>,</.well-known/core>",,,,,0,0,2025-10-20T14:05:39.374+0200,1760961939,374269,1,2,0,2.05 Content,32112,,"{""CONTENT_FORMAT"": ""LINKFORMAT""}"
172.237.74.163,2739596716,192.168.0.123,2063640768,52563,47,udp,1,5683,43634,29,,,,,,0,0,2025-10-20T14:05:44.336+0200,1760961944,336437,1,0,0,GET,32112,,"{""URI_PATH"": "".well-known""}"
183.238.240.90,1525739191,192.168.0.123,2063640768,9303,43,udp,1,5683,44647,1340,"</>;title=""General Info"";ct=0,</qlink/searchdevice>;title=""searchdevice"";obs,</qlink/netinfo>;title=""netinfo"";obs,</qlink/searchack>;title=""searchack"";obs,</device/command/unbind>;title=""unbind"";obs,</device/command/file>;title=""file"";obs,</device/command/log>;title=""log"";obs,</device/command/selfdetect>;title=""selfdetect"";obs,</qlink/searchdevice?true>;title=""searchdevice?true"";obs,</qlink/searchRouter?true>;title=""searchRouter?true"";obs,</qlink/guide?true>;title=""guide?true"";obs,</qlink/request?true>;title=""request?true"";obs,</device/inform/data>;title=""data"";obs,</apdevice/control/WiFiParameterSync>;title=""WiFiParameterSync"";obs,</apdevice/control/WiFiSwitch>;title=""WiFiSwitch"";obs,</apdevice/control/RadioConfig>;title=""RadioConfig"";obs,</apdevice/control/WPS>;title=""WPS"";obs,</apdevice/control/MacFilter>;title=""MacFilter"";obs,</apdevice/control/Reboot>;title=""Reboot"";obs,</apdevice/control/LEDControl>;title=""LEDControl"";obs,</apdevice/control/RoamingConfig>;title=""RoamingConfig"";obs,</apdevice/query/ApConfigInfo>;title=""ApConfigInfo"";obs,</apdevice/query/UplinkStatus>;title=""UplinkStatus"";obs,</apdevice/query/STAInfo>;title=""STAInfo"";obs,</apdevice/query/WiFiStats>;title=""WiFiStats"";obs,</apdevice/query/WiFiStatus>;title=""WiFiStatus"";obs,</apdevice/query/WlanNeighborInfo>;title=""WlanNeighborInfo"";obs",,,,,0,0,2025-10-20T14:05:46.216+0200,1760961946,216210,1,2,0,2.05 Content,32112,,"{""CONTENT_FORMAT"": ""LINKFORMAT""}"
176.193.210.110,1859305904,192.168.0.123,2063640768,23710,243,udp,1,5683,42288,99,"</register>,</ndm/dis>,</ndm/ci>,</mirror>,</uhp>,</ndm/logout>,</ndm/login>,</info>",,,,,0,0,2025-10-20T14:05:56.742+0200,1760961956,742212,1,2,0,2.05 Content,32112,,"{""CONTENT_FORMAT"": ""LINKFORMAT""}"
178.72.84.241,4048832690,192.168.0.123,2063640768,6157,44,udp,1,5683,42819,99,"</register>,</ndm/dis>,</ndm/ci>,</mirror>,</uhp>,</ndm/logout>,</ndm/login>,</info>",,,,,0,0,2025-10-20T14:05:57.187+0200,1760961957,187150,1,2,0,2.05 Content,32112,,"{""CONTENT_FORMAT"": ""LINKFORMAT""}"
183.223.88.182,3059277751,192.168.0.123,2063640768,41131,40,udp,1,5683,36402,285,"</qlink>,</qlink/searchgw>,</device>,</device/inform>,</device/inform/boot>,</device/inform/bootstrap>,</device/inform/data>,</device/inform/heartbeat>,</device/inform/offline>,</ekit>,</ekit/boot>,</ekit/bootstrap>,</ekit/heartbeat>,</ekit/searchgw>,</.well-known/core>",,,,,0,0,2025-10-20T14:05:59.262+0200,1760961959,262873,1,2,0,2.05 Content,32112,,"{""CONTENT_FORMAT"": ""LINKFORMAT""}"
183.222.237.30,518905527,192.168.0.123,2063640768,467,40,udp,1,5683,36635,285,"</qlink>,</qlink/searchgw>,</device>,</device/inform>,</device/inform/boot>,</device/inform/bootstrap>,</device/inform/data>,</device/inform/heartbeat>,</device/inform/offline>,</ekit>,</ekit/boot>,</ekit/bootstrap>,</ekit/heartbeat>,</ekit/searchgw>,</.well-known/core>",,,,,0,0,2025-10-20T14:06:00.014+0200,1760961960,14790,1,2,0,2.05 Content,32112,,"{""CONTENT_FORMAT"": ""LINKFORMAT""}"
171.38.217.59,1004086955,192.168.0.123,2063640768,20102,36,udp,1,5683,32971,991,"</qlink>,</qlink/ack>;title=""Qlink-ACK Resource"",</qlink/request>;title=""Qlink-Request Resource"",</qlink/searchgw>;title=""SearchGW Resource"",</qlink/success>;title=""Qlink-Success Resource"",</qlink/wlantest>;title=""Qlink-WLAN Resource"",</gw>,</gw/query>,</gw/query/DiagnotorConnection>;title=""Connect To Diagnotor"",</gw/query/apdevices>;title=""Inform Data Resource"",</gw/query/config>;title=""config-properties Resource"",</basic>,</basic/regist>;title=""Qlink-Regist Resource"",</basic/show>;title=""Qlink-SHOW Resource"",</device>,</device/command>,</device/command/control>;title=""Device Control Resource"",</device/command/data>;title=""Control Data Resource"",</device/inform>,</device/inform/boot>;title=""Boot-Request Resource"",</device/inform/bootstrap>;title=""bootstrap-Request Resource"",</device/inform/data>;obs;title=""Inform Data Resource"",</device/inform/heartbeat>;title=""HeartBeat Resource"",</device/inform/offline>;title=""ChildDevice Offline Resource"",</.well-known/core>",,,,,0,0,2025-10-20T14:06:03.092+0200,1760961963,92711,1,2,0,2.05 Content,32112,,"{""CONTENT_FORMAT"": ""LINKFORMAT""}"
183.234.63.116,1950345911,192.168.0.123,2063640768,4131,43,udp,1,5683,54814,1340,"</>;title=""General Info"";ct=0,</qlink/searchdevice>;title=""searchdevice"";obs,</qlink/netinfo>;title=""netinfo"";obs,</qlink/searchack>;title=""searchack"";obs,</device/command/unbind>;title=""unbind"";obs,</device/command/file>;title=""file"";obs,</device/command/log>;title=""log"";obs,</device/command/selfdetect>;title=""selfdetect"";obs,</qlink/searchdevice?true>;title=""searchdevice?true"";obs,</qlink/searchRouter?true>;title=""searchRouter?true"";obs,</qlink/guide?true>;title=""guide?true"";obs,</qlink/request?true>;title=""request?true"";obs,</device/inform/data>;title=""data"";obs,</apdevice/control/WiFiParameterSync>;title=""WiFiParameterSync"";obs,</apdevice/control/WiFiSwitch>;title=""WiFiSwitch"";obs,</apdevice/control/RadioConfig>;title=""RadioConfig"";obs,</apdevice/control/WPS>;title=""WPS"";obs,</apdevice/control/MacFilter>;title=""MacFilter"";obs,</apdevice/control/Reboot>;title=""Reboot"";obs,</apdevice/control/LEDControl>;title=""LEDControl"";obs,</apdevice/control/RoamingConfig>;title=""RoamingConfig"";obs,</apdevice/query/ApConfigInfo>;title=""ApConfigInfo"";obs,</apdevice/query/UplinkStatus>;title=""UplinkStatus"";obs,</apdevice/query/STAInfo>;title=""STAInfo"";obs,</apdevice/query/WiFiStats>;title=""WiFiStats"";obs,</apdevice/query/WiFiStatus>;title=""WiFiStatus"";obs,</apdevice/query/WlanNeighborInfo>;title=""WlanNeighborInfo"";obs",,,,,0,0,2025-10-20T14:06:04.262+0200,1760961964,262897,1,2,0,2.05 Content,32112,,"{""CONTENT_FORMAT"": ""LINKFORMAT""}"
178.141.25.152,2551811506,192.168.0.123,2063640768,4510,45,udp,1,5683,60561,99,"</register>,</ndm/dis>,</ndm/ci>,</mirror>,</uhp>,</ndm/logout>,</ndm/login>,</info>",,,,,0,0,2025-10-20T14:06:04.797+0200,1760961964,797495,1,2,0,2.05 Content,32112,,"{""CONTENT_FORMAT"": ""LINKFORMAT""}"
183.108.52.48,808742071,192.168.0.123,2063640768,26012,50,udp,1,5683,56058,12,,,,,,0,0,2025-10-20T14:06:12.386+0200,1760961972,386178,1,2,0,4.04 Not Found,32112,,
185.33.236.146,2464948665,192.168.0.123,2063640768,9703,51,udp,1,5683,36282,99,"</register>,</ndm/dis>,</ndm/ci>,</mirror>,</uhp>,</ndm/logout>,</ndm/login>,</info>",,,,,0,0,2025-10-20T14:06:13.829+0200,1760961973,829033,1,2,0,2.05 Content,32112,,"{""CONTENT_FORMAT"": ""LINKFORMAT""}"
183.251.232.88,1491663799,192.168.0.123,2063640768,44787,41,udp,1,5683,34751,285,"</qlink>,</qlink/searchgw>,</device>,</device/inform>,</device/inform/boot>,</device/inform/bootstrap>,</device/inform/data>,</device/inform/heartbeat>,</device/inform/offline>,</ekit>,</ekit/boot>,</ekit/bootstrap>,</ekit/heartbeat>,</ekit/searchgw>,</.well-known/core>",,,,,0,0,2025-10-20T14:06:14.722+0200,1760961974,722669,1,2,0,2.05 Content,32112,,"{""CONTENT_FORMAT"": ""LINKFORMAT""}"
188.44.125.153,2575117500,192.168.0.123,2063640768,33896,50,udp,1,5683,50003,99,"</register>,</ndm/dis>,</ndm/ci>,</mirror>,</uhp>,</ndm/logout>,</ndm/login>,</info>",,,,,0,0,2025-10-20T14:07:39.643+0200,1760962059,643314,1,2,0,2.05 Content,32112,,"{""CONTENT_FORMAT"": ""LINKFORMAT""}"
185.134.234.81,1374324409,192.168.0.123,2063640768,16178,55,udp,1,5683,54019,99,"</register>,</ndm/dis>,</ndm/ci>,</mirror>,</uhp>,</ndm/logout>,</ndm/login>,</info>",,,,,0,0,2025-10-20T14:07:54.960+0200,1760962074,960499,1,2,0,2.05 Content,32112,,"{""CONTENT_FORMAT"": ""LINKFORMAT""}"
183.233.214.146,2463558071,192.168.0.123,2063640768,29053,43,udp,1,5683,37281,991,"</qlink>,</qlink/ack>;title=""Qlink-ACK Resource"",</qlink/request>;title=""Qlink-Request Resource"",</qlink/searchgw>;title=""SearchGW Resource"",</qlink/success>;title=""Qlink-Success Resource"",</qlink/wlantest>;title=""Qlink-WLAN Resource"",</gw>,</gw/query>,</gw/query/DiagnotorConnection>;title=""Connect To Diagnotor"",</gw/query/apdevices>;title=""Inform Data Resource"",</gw/query/config>;title=""config-properties Resource"",</basic>,</basic/regist>;title=""Qlink-Regist Resource"",</basic/show>;title=""Qlink-SHOW Resource"",</device>,</device/command>,</device/command/control>;title=""Device Control Resource"",</device/command/data>;title=""Control Data Resource"",</device/inform>,</device/inform/boot>;title=""Boot-Request Resource"",</device/inform/bootstrap>;title=""bootstrap-Request Resource"",</device/inform/data>;obs;title=""Inform Data Resource"",</device/inform/heartbeat>;title=""HeartBeat Resource"",</device/inform/offline>;title=""ChildDevice Offline Resource"",</.well-known/core>",,,,,0,0,2025-10-20T14:07:56.058+0200,1760962076,58434,1,2,0,2.05 Content,32112,,"{""CONTENT_FORMAT"": ""LINKFORMAT""}"
165.232.144.56,949020837,192.168.0.123,2063640768,57156,50,udp,1,5683,41139,121,"</fw>,</efento>,</efento/c>,</efento/i>,</efento/m>,</efento/t>,</sw>,</api>,</api/v1>,</.well-known/core>",,,,,0,0,2025-10-20T14:07:57.797+0200,1760962077,797675,1,2,0,2.05 Content,32112,,"{""CONTENT_FORMAT"": ""LINKFORMAT""}"
171.103.50.235,3945949099,192.168.0.123,2063640768,44940,46,udp,1,5683,39164,1047,"</>;title=""General Info"";ct=0,</qlink/searchack>;title=qlink/searchack,</device/command/Control>;title=device/command/Control,</device/command/Data>;title=device/command/Data,</device/command/Unbind>;title=device/command/Unbind,</device/command/file>;title=device/command/file,</device/command/flinkcmd>;title=device/command/flinkcmd,</apdevice/control/WiFiSwitch>;title=apdevice/control/WiFiSwitch,</apdevice/control/RadioConfig>;title=apdevice/control/RadioConfig,</apdevice/control/WPS>;title=apdevice/control/WPS,</apdevice/control/MacFilter>;title=apdevice/control/MacFilter,</apdevice/control/Reboot>;title=apdevice/control/Reboot,</apdevice/control/LEDControl>;title=apdevice/control/LEDControl,</apdevice/control/RoamingConfig>;title=apdevice/control/RoamingConfig,</apdevice/query/ApConfigInfo>;title=apdevice/query/ApConfigInfo,</apdevice/query/UplinkStatus>;title=apdevice/query/UplinkStatus,</apdevice/query/STAInfo>;title=apdevice/query/STAInfo,</apdevice/query/WiFiStatus>;title=apdevice/query/WiFiStatus,</async>;ct=0",,,,,0,0,2025-10-20T14:07:59.043+0200,1760962079,43936,1,2,0,2.05 Content,32112,,"{""CONTENT_FORMAT"": ""LINKFORMAT""}"
178.64.22.118,1981169842,192.168.0.123,2063640768,12427,54,udp,1,5683,53607,99,"</register>,</ndm/dis>,</ndm/ci>,</mirror>,</uhp>,</ndm/logout>,</ndm/login>,</info>",,,,,0,0,2025-10-20T14:07:59.802+0200,1760962079,802354,1,2,0,2.05 Content,32112,,"{""CONTENT_FORMAT"": ""LINKFORMAT""}"
176.77.118.211,3547745712,192.168.0.123,2063640768,64089,48,udp,1,5683,38026,99,"</register>,</ndm/dis>,</ndm/ci>,</mirror>,</uhp>,</ndm/logout>,</ndm/login>,</info>",,,,,0,0,2025-10-20T14:08:01.409+0200,1760962081,409334,1,2,0,2.05 Content,32112,,"{""CONTENT_FORMAT"": ""LINKFORMAT""}"
183.151.47.153,2570033079,192.168.0.123,2063640768,0,50,udp,1,5683,36789,1301,"</>;title=""General Info"";ct=0,</qlink/searchdevice>;title=""searchdevice"";obs,</qlink/netinfo>;title=""netinfo"";obs,</qlink/searchack>;title=""searchack"";obs,</device/command/unbind>;title=""unbind"";obs,</device/command/file>;title=""file"";obs,</device/command/log>;title=""log"";obs,</device/command/selfdetect>;title=""selfdetect"";obs,</qlink/searchdevice?true>;title=""searchdevice?true"";obs,</qlink/searchRouter?true>;title=""searchRouter?true"";obs,</qlink/guide?true>;title=""guide?true"";obs,</qlink/request?true>;title=""request?true"";obs,</apdevice/control/WiFiParameterSync>;title=""WiFiParameterSync"";obs,</apdevice/control/WiFiSwitch>;title=""WiFiSwitch"";obs,</apdevice/control/RadioConfig>;title=""RadioConfig"";obs,</apdevice/control/WPS>;title=""WPS"";obs,</apdevice/control/MacFilter>;title=""MacFilter"";obs,</apdevice/control/Reboot>;title=""Reboot"";obs,</apdevice/control/LEDControl>;title=""LEDControl"";obs,</apdevice/control/RoamingConfig>;title=""RoamingConfig"";obs,</apdevice/query/ApConfigInfo>;title=""ApConfigInfo"";obs,</apdevice/query/UplinkStatus>;title=""UplinkStatus"";obs,</apdevice/query/STAInfo>;title=""STAInfo"";obs,</apdevice/query/WiFiStats>;title=""WiFiStats"";obs,</apdevice/query/WiFiStatus>;title=""WiFiStatus"";obs,</apdevice/query/WlanNeighborInfo>;title=""WlanNeighborInfo"";obs",,,,,0,0,2025-10-20T14:08:05.879+0200,1760962085,879789,1,2,0,2.05 Content,32112,,"{""CONTENT_FORMAT"": ""LINKFORMAT""}"
183.24.45.146,2452428983,192.168.0.123,2063640768,16539,50,udp,1,5683,59336,12,,,,,,0,0,2025-10-20T14:08:09.874+0200,1760962089,874777,1,2,0,4.00 Bad Request,32112,,
175.147.162.152,2560791471,192.168.0.123,2063640768,45820,36,udp,1,5683,39042,112,"</qlink/searchdevice>;title=""QLINK-FIND Resource"",</qlink/netinfo>;title=""QLINK-NETINFO Resource""",,,,,0,0,2025-10-20T14:08:12.243+0200,1760962092,243786,1,2,0,2.05 Content,32112,,"{""CONTENT_FORMAT"": ""LINKFORMAT""}"
183.236.69.235,3947228343,192.168.0.123,2063640768,2733,43,udp,1,5683,39098,1340,"</>;title=""General Info"";ct=0,</qlink/searchdevice>;title=""searchdevice"";obs,</qlink/netinfo>;title=""netinfo"";obs,</qlink/searchack>;title=""searchack"";obs,</device/command/unbind>;title=""unbind"";obs,</device/command/file>;title=""file"";obs,</device/command/log>;title=""log"";obs,</device/command/selfdetect>;title=""selfdetect"";obs,</qlink/searchdevice?true>;title=""searchdevice?true"";obs,</qlink/searchRouter?true>;title=""searchRouter?true"";obs,</qlink/guide?true>;title=""guide?true"";obs,</qlink/request?true>;title=""request?true"";obs,</device/inform/data>;title=""data"";obs,</apdevice/control/WiFiParameterSync>;title=""WiFiParameterSync"";obs,</apdevice/control/WiFiSwitch>;title=""WiFiSwitch"";obs,</apdevice/control/RadioConfig>;title=""RadioConfig"";obs,</apdevice/control/WPS>;title=""WPS"";obs,</apdevice/control/MacFilter>;title=""MacFilter"";obs,</apdevice/control/Reboot>;title=""Reboot"";obs,</apdevice/control/LEDControl>;title=""LEDControl"";obs,</apdevice/control/RoamingConfig>;title=""RoamingConfig"";obs,</apdevice/query/ApConfigInfo>;title=""ApConfigInfo"";obs,</apdevice/query/UplinkStatus>;title=""UplinkStatus"";obs,</apdevice/query/STAInfo>;title=""STAInfo"";obs,</apdevice/query/WiFiStats>;title=""WiFiStats"";obs,</apdevice/query/WiFiStatus>;title=""WiFiStatus"";obs,</apdevice/query/WlanNeighborInfo>;title=""WlanNeighborInfo"";obs",,,,,0,0,2025-10-20T14:08:16.190+0200,1760962096,190399,1,2,0,2.05 Content,32112,,"{""CONTENT_FORMAT"": ""LINKFORMAT""}"
162.208.235.73,1240191138,192.168.0.123,2063640768,59012,45,udp,1,5683,37250,575,"</>;title=""General Info"";ct=0,</qlink/searchfh>;title=qlink/searchfh,</qlink/searchgw>;title=qlink/searchgw,</qlink/request>;title=qlink/request,</qlink/success>;title=qlink/success,</device/inform/bootstrap>;title=device/inform/bootstrap,</device/inform/boot>;title=device/inform/boot,</device/inform/syncreq>;title=device/inform/syncreq,</device/inform/offline>;title=device/inform/offline,</device/inform/heartbeat>;title=device/inform/heartbeat,</device/inform/data>;title=device/inform/data,</device/inform/change>;title=device/inform/change,</async>;ct=0",,,,,0,0,2025-10-20T14:08:17.688+0200,1760962097,688291,1,2,0,2.05 Content,32112,,"{""CONTENT_FORMAT"": ""LINKFORMAT""}"
176.113.36.12,203714992,192.168.0.123,2063640768,64913,46,udp,1,5683,34413,99,"</register>,</ndm/dis>,</ndm/ci>,</mirror>,</uhp>,</ndm/logout>,</ndm/login>,</info>",,,,,0,0,2025-10-20T14:08:30.958+0200,1760962110,958247,1,2,0,2.05 Content,32112,,"{""CONTENT_FORMAT"": ""LINKFORMAT""}"
177.71.61.253,4248651697,192.168.0.123,2063640768,0,45,udp,1,5683,50290,366,"</qlink>,</qlink/request>;title=""Qlink-Request Resource"",</qlink/wlantest>;title=""Qlink-WLAN Resource"",</qlink/success>;title=""Qlink-Success Resource"",</qlink/ack>;title=""Qlink-ACK Resource"",</basic>,</basic/show>;title=""Qlink-SHOW Resource"",</basic/regist>;title=""Qlink-Regist Resource"",</basic/searchgw>;title=""SearchGW Resource"",</.well-known/core>",,,,,0,0,2025-10-20T14:08:33.803+0200,1760962113,803978,1,2,0,2.05 Content,32112,,"{""CONTENT_FORMAT"": ""LINKFORMAT""}"
180.195.158.221,3718169524,192.168.0.123,2063640768,0,52,udp,1,5683,48185,524,"</>;title=""General Info"";ct=0,</qlink/searchfh>;title=qlink/searchfh,</qlink/searchgw>;title=qlink/searchgw,</qlink/request>;title=qlink/request,</qlink/success>;title=qlink/success,</device/inform/bootstrap>;title=device/inform/bootstrap,</device/inform/boot>;title=device/inform/boot,</device/inform/syncreq>;title=device/inform/syncreq,</device/inform/offline>;title=device/inform/offline,</device/inform/heartbeat>;title=device/inform/heartbeat,</device/inform/data>;title=device/inform/data,</async>;ct=0",,,,,0,0,2025-10-20T14:09:40.258+0200,1760962180,258363,1,2,0,2.05 Content,32112,,"{""CONTENT_FORMAT"": ""LINKFORMAT""}"
188.170.9.29,487172796,192.168.0.123,2063640768,40733,44,udp,1,5683,35862,77,"</ndm/dis>,</ndm/ci>,</uhp>,</ndm/logout>,</ndm/login>,</info>",,,,,0,0,2025-10-20T14:09:43.324+0200,1760962183,324991,1,2,0,2.05 Content,32112,,"{""CONTENT_FORMAT"": ""LINKFORMAT""}"
180.108.44.105,1764519092,192.168.0.123,2063640768,4393,50,udp,1,5683,47341,1340,"</>;title=""General Info"";ct=0,</qlink/searchdevice>;title=""searchdevice"";obs,</qlink/netinfo>;title=""netinfo"";obs,</qlink/searchack>;title=""searchack"";obs,</device/command/unbind>;title=""unbind"";obs,</device/command/file>;title=""file"";obs,</device/command/log>;title=""log"";obs,</device/command/selfdetect>;title=""selfdetect"";obs,</qlink/searchdevice?true>;title=""searchdevice?true"";obs,</qlink/searchRouter?true>;title=""searchRouter?true"";obs,</qlink/guide?true>;title=""guide?true"";obs,</qlink/request?true>;title=""request?true"";obs,</device/inform/data>;title=""data"";obs,</apdevice/control/WiFiParameterSync>;title=""WiFiParameterSync"";obs,</apdevice/control/WiFiSwitch>;title=""WiFiSwitch"";obs,</apdevice/control/RadioConfig>;title=""RadioConfig"";obs,</apdevice/control/WPS>;title=""WPS"";obs,</apdevice/control/MacFilter>;title=""MacFilter"";obs,</apdevice/control/Reboot>;title=""Reboot"";obs,</apdevice/control/LEDControl>;title=""LEDControl"";obs,</apdevice/control/RoamingConfig>;title=""RoamingConfig"";obs,</apdevice/query/ApConfigInfo>;title=""ApConfigInfo"";obs,</apdevice/query/UplinkStatus>;title=""UplinkStatus"";obs,</apdevice/query/STAInfo>;title=""STAInfo"";obs,</apdevice/query/WiFiStats>;title=""WiFiStats"";obs,</apdevice/query/WiFiStatus>;title=""WiFiStatus"";obs,</apdevice/query/WlanNeighborInfo>;title=""WlanNeighborInfo"";obs",,,,,0,0,2025-10-20T14:09:47.109+0200,1760962187,109180,1,2,0,2.05 Content,32112,,"{""CONTENT_FORMAT"": ""LINKFORMAT""}"
175.150.187.37,633050799,192.168.0.123,2063640768,44362,38,udp,1,5683,54265,1301,"</>;title=""General Info"";ct=0,</qlink/searchdevice>;title=""searchdevice"";obs,</qlink/netinfo>;title=""netinfo"";obs,</qlink/searchack>;title=""searchack"";obs,</device/command/unbind>;title=""unbind"";obs,</device/command/file>;title=""file"";obs,</device/command/log>;title=""log"";obs,</device/command/selfdetect>;title=""selfdetect"";obs,</qlink/searchdevice?true>;title=""searchdevice?true"";obs,</qlink/searchRouter?true>;title=""searchRouter?true"";obs,</qlink/guide?true>;title=""guide?true"";obs,</qlink/request?true>;title=""request?true"";obs,</apdevice/control/WiFiParameterSync>;title=""WiFiParameterSync"";obs,</apdevice/control/WiFiSwitch>;title=""WiFiSwitch"";obs,</apdevice/control/RadioConfig>;title=""RadioConfig"";obs,</apdevice/control/WPS>;title=""WPS"";obs,</apdevice/control/MacFilter>;title=""MacFilter"";obs,</apdevice/control/Reboot>;title=""Reboot"";obs,</apdevice/control/LEDControl>;title=""LEDControl"";obs,</apdevice/control/RoamingConfig>;title=""RoamingConfig"";obs,</apdevice/query/ApConfigInfo>;title=""ApConfigInfo"";obs,</apdevice/query/UplinkStatus>;title=""UplinkStatus"";obs,</apdevice/query/STAInfo>;title=""STAInfo"";obs,</apdevice/query/WiFiStats>;title=""WiFiStats"";obs,</apdevice/query/WiFiStatus>;title=""WiFiStatus"";obs,</apdevice/query/WlanNeighborInfo>;title=""WlanNeighborInfo"";obs",,,,,0,0,2025-10-20T14:09:47.851+0200,1760962187,851504,1,2,0,2.05 Content,32112,,"{""CONTENT_FORMAT"": ""LINKFORMAT""}"
175.137.188.32,549226927,192.168.0.123,2063640768,59338,51,udp,1,5683,35649,575,"</>;title=""General Info"";ct=0,</qlink/searchfh>;title=qlink/searchfh,</qlink/searchgw>;title=qlink/searchgw,</qlink/request>;title=qlink/request,</qlink/success>;title=qlink/success,</device/inform/bootstrap>;title=device/inform/bootstrap,</device/inform/boot>;title=device/inform/boot,</device/inform/syncreq>;title=device/inform/syncreq,</device/inform/offline>;title=device/inform/offline,</device/inform/heartbeat>;title=device/inform/heartbeat,</device/inform/data>;title=device/inform/data,</device/inform/change>;title=device/inform/change,</async>;ct=0",,,,,0,0,2025-10-20T14:09:49.382+0200,1760962189,382489,1,2,0,2.05 Content,32112,,"{""CONTENT_FORMAT"": ""LINKFORMAT""}"
185.209.56.159,2671301049,192.168.0.123,2063640768,7863,53,udp,1,5683,52301,99,"</register>,</ndm/dis>,</ndm/ci>,</mirror>,</uhp>,</ndm/logout>,</ndm/login>,</info>",,,,,0,0,2025-10-20T14:09:59.385+0200,1760962199,385785,1,2,0,2.05 Content,32112,,"{""CONTENT_FORMAT"": ""LINKFORMAT""}"
178.204.79.31,525323442,192.168.0.123,2063640768,20132,53,udp,1,5683,60706,99,"</register>,</ndm/dis>,</ndm/ci>,</mirror>,</uhp>,</ndm/logout>,</ndm/login>,</info>",,,,,0,0,2025-10-20T14:10:08.630+0200,1760962208,630840,1,2,0,2.05 Content,32112,,"{""CONTENT_FORMAT"": ""LINKFORMAT""}"
180.194.5.245,4110795444,192.168.0.123,2063640768,0,52,udp,1,5683,41471,524,"</>;title=""General Info"";ct=0,</qlink/searchfh>;title=qlink/searchfh,</qlink/searchgw>;title=qlink/searchgw,</qlink/request>;title=qlink/request,</qlink/success>;title=qlink/success,</device/inform/bootstrap>;title=device/inform/bootstrap,</device/inform/boot>;title=device/inform/boot,</device/inform/syncreq>;title=device/inform/syncreq,</device/inform/offline>;title=device/inform/offline,</device/inform/heartbeat>;title=device/inform/heartbeat,</device/inform/data>;title=device/inform/data,</async>;ct=0",,,,,0,0,2025-10-20T14:10:08.978+0200,1760962208,978176,1,2,0,2.05 Content,32112,,"{""CONTENT_FORMAT"": ""LINKFORMAT""}"
180.194.108.57,963429044,192.168.0.123,2063640768,0,52,udp,1,5683,41981,524,"</>;title=""General Info"";ct=0,</qlink/searchfh>;title=qlink/searchfh,</qlink/searchgw>;title=qlink/searchgw,</qlink/request>;title=qlink/request,</qlink/success>;title=qlink/success,</device/inform/bootstrap>;title=device/inform/bootstrap,</device/inform/boot>;title=device/inform/boot,</device/inform/syncreq>;title=device/inform/syncreq,</device/inform/offline>;title=device/inform/offline,</device/inform/heartbeat>;title=device/inform/heartbeat,</device/inform/data>;title=device/inform/data,</async>;ct=0",,,,,0,0,2025-10-20T14:10:11.284+0200,1760962211,284401,1,2,0,2.05 Content,32112,,"{""CONTENT_FORMAT"": ""LINKFORMAT""}"
175.44.14.207,3473812655,192.168.0.123,2063640768,772,38,udp,1,5683,57673,1524,"</>;title=""General Info"";ct=0,</qlink/searchdevice>;title=""searchdevice"";obs,</qlink/netinfo>;title=""netinfo"";obs,</qlink/searchack>;title=""searchack"";obs,</device/command/unbind>;title=""unbind"";obs,</device/command/file>;title=""file"";obs,</aoslink/Discovery>;title=""discovery"";obs,</device/command/log>;title=""log"";obs,</device/command/selfdetect>;title=""selfdetect"";obs,</qlink/searchdevice?true>;title=""searchdevice?true"";obs,</qlink/searchRouter?true>;title=""searchRouter?true"";obs,</qlink/guide?true>;title=""guide?true"";obs,</qlink/request?true>;title=""request?true"";obs,</device/inform/data>;title=""data"";obs,</qlink/regist?true>;title=""regist?true"";obs,</qlink/success?true>;title=""success?true"";obs,</apdevice/control/WiFiParameterSync>;title=""WiFiParameterSync"";obs,</apdevice/control/WiFiSwitch>;title=""WiFiSwitch"";obs,</apdevice/control/RadioConfig>;title=""RadioConfig"";obs,</apdevice/control/WPS>;title=""WPS"";obs,</apdevice/control/MacFilter>;title=""MacFilter"";obs,</apdevice/control/Reboot>;title=""Reboot"";obs,</apdevice/control/LEDControl>;title=""LEDControl"";obs,</apdevice/control/RoamingConfig>;title=""RoamingConfig"";obs,</apdevice/query/ApConfigInfo>;title=""ApConfigInfo"";obs,</apdevice/query/UplinkStatus>;title=""UplinkStatus"";obs,</apdevice/query/STAInfo>;title=""STAInfo"";obs,</apdevice/query/WiFiStats>;title=""WiFiStats"";obs,</apdevice/query/WiFiStatus>;title=""WiFiStatus"";obs,</apdevice/query/WlanNeighborInfo>;title=""WlanNeighborInfo"";obs,</aoslink/query/AosAPInfo>;title=""AosAPInfo"";obs",,,,,0,0,2025-10-20T14:10:18.159+0200,1760962218,159459,1,2,2,2.05 Content,42859,2dfd,"{""CONTENT_FORMAT"": ""LINKFORMAT""}"
183.241.140.64,1082978743,192.168.0.123,2063640768,34264,43,udp,1,5683,36808,285,"</qlink>,</qlink/searchgw>,</device>,</device/inform>,</device/inform/boot>,</device/inform/bootstrap>,</device/inform/data>,</device/inform/heartbeat>,</device/inform/offline>,</ekit>,</ekit/boot>,</ekit/bootstrap>,</ekit/heartbeat>,</ekit/searchgw>,</.well-known/core>",,,,,0,0,2025-10-20T14:10:24.592+0200,1760962224,592546,1,2,0,2.05 Content,32112,,"{""CONTENT_FORMAT"": ""LINKFORMAT""}"
185.235.66.56,943909817,192.168.0.123,2063640768,36435,46,udp,1,5683,57059,99,"</register>,</ndm/dis>,</ndm/ci>,</mirror>,</uhp>,</ndm/logout>,</ndm/login>,</info>",,,,,0,0,2025-10-20T14:10:26.283+0200,1760962226,283437,1,2,0,2.05 Content,32112,,"{""CONTENT_FORMAT"": ""LINKFORMAT""}"
176.32.149.89,1502945456,192.168.0.123,2063640768,12676,54,udp,1,5683,37943,99,"</register>,</ndm/dis>,</ndm/ci>,</mirror>,</uhp>,</ndm/logout>,</ndm/login>,</info>",,,,,0,0,2025-10-20T14:10:28.060+0200,1760962228,60131,1,2,0,2.05 Content,32112,,"{""CONTENT_FORMAT"": ""LINKFORMAT""}"
183.223.102.175,2942754743,192.168.0.123,2063640768,20762,40,udp,1,5683,38828,285,"</qlink>,</qlink/searchgw>,</device>,</device/inform>,</device/inform/boot>,</device/inform/bootstrap>,</device/inform/data>,</device/inform/heartbeat>,</device/inform/offline>,</ekit>,</ekit/boot>,</ekit/bootstrap>,</ekit/heartbeat>,</ekit/searchgw>,</.well-known/core>",,,,,0,0,2025-10-20T14:10:30.449+0200,1760962230,449942,1,2,0,2.05 Content,32112,,"{""CONTENT_FORMAT"": ""LINKFORMAT""}"
185.199.10.231,3876243385,192.168.0.123,2063640768,42807,52,udp,1,5683,40047,77,"</ndm/dis>,</ndm/ci>,</uhp>,</ndm/logout>,</ndm/login>,</info>",,,,,0,0,2025-10-20T14:11:56.255+0200,1760962316,255796,1,2,0,2.05 Content,32112,,"{""CONTENT_FORMAT"": ""LINKFORMAT""}"
160.32.192.120,2025857184,192.168.0.123,2063640768,39772,47,udp,1,5683,35942,575,"</>;title=""General Info"";ct=0,</qlink/searchfh>;title=qlink/searchfh,</qlink/searchgw>;title=qlink/searchgw,</qlink/request>;title=qlink/request,</qlink/success>;title=qlink/success,</device/inform/bootstrap>;title=device/inform/bootstrap,</device/inform/boot>;title=device/inform/boot,</device/inform/syncreq>;title=device/inform/syncreq,</device/inform/offline>;title=device/inform/offline,</device/inform/heartbeat>;title=device/inform/heartbeat,</device/inform/data>;title=device/inform/data,</device/inform/change>;title=device/inform/change,</async>;ct=0",,,,,0,0,2025-10-20T14:12:03.059+0200,1760962323,59895,1,2,0,2.05 Content,32112,,"{""CONTENT_FORMAT"": ""LINKFORMAT""}"
171.223.212.161,2715082667,192.168.0.123,2063640768,36397,50,udp,1,5683,52783,12,,,,,,0,0,2025-10-20T14:12:05.777+0200,1760962325,777432,1,2,0,4.00 Bad Request,32112,,
180.73.171.128,2158709172,192.168.0.123,2063640768,47882,50,udp,1,5683,56008,575,"</>;title=""General Info"";ct=0,</qlink/searchfh>;title=qlink/searchfh,</qlink/searchgw>;title=qlink/searchgw,</qlink/request>;title=qlink/request,</qlink/success>;title=qlink/success,</device/inform/bootstrap>;title=device/inform/bootstrap,</device/inform/boot>;title=device/inform/boot,</device/inform/syncreq>;title=device/inform/syncreq,</device/inform/offline>;title=device/inform/offline,</device/inform/heartbeat>;title=device/inform/heartbeat,</device/inform/data>;title=device/inform/data,</device/inform/change>;title=device/inform/change,</async>;ct=0",,,,,0,0,2025-10-20T14:12:07.548+0200,1760962327,548624,1,2,0,2.05 Content,32112,,"{""CONTENT_FORMAT"": ""LINKFORMAT""}"
172.236.136.225,3783847084,192.168.0.123,2063640768,6688,47,udp,1,5683,57600,29,,,,,,0,0,2025-10-20T14:12:14.164+0200,1760962334,164964,1,0,0,GET,32112,,"{""URI_PATH"": "".well-known""}"
183.220.29.66,1109253303,192.168.0.123,2063640768,3521,40,udp,1,5683,51937,532,"</qlink>,</qlink/ack>;title=""Qlink-ACK Resource"",</qlink/queryGwExt>;title=""queryGwExt Resource"",</qlink/request>;title=""Qlink-Request Resource"",</qlink/searchgw>;title=""SearchGW Resource"",</qlink/success>;title=""Qlink-Success Resource"",</qlink/wlantest>;title=""Qlink-WLAN Resource"",</gw>,</gw/query>,</gw/query/DiagnotorConnection>;title=""Connect To Diagnotor"",</gw/query/apdevices>;title=""apdevices Data Resource"",</gw/query/config>;title=""config-properties Resource"",</basic>,</basic/regist>;title=""Qlink-Regist Resource"",</basic/show>;title=""Qlink-SHOW Resource"",</device>,</device/command>,</device/command/control>;title=""Device Control Resource"",</device/command/data>;title=""Control Data Resource"",</device/inform>,</device/inform/boot>;title=""Boot-Request Resource"",</device/inform/bootstrap>;title=""bootstrap-Request Resource"",</device/inform/data>;obs;title=""Inform Data Resource"",</device/inform/heartbeat>;title=""HeartBeat Resource"",</device/inform/offline>;title=""ChildDevice Offline Resource"",</device/inform/requestSync>;title=""AP device request synchronization"",</.well-known/core>",,,,,0,0,2025-10-20T14:12:17.082+0200,1760962337,82611,1,2,2,2.05 Content,38549,9a4c,"{""CONTENT_FORMAT"": ""LINKFORMAT"", ""SIZE2"": ""BlockwiseTuple(block_number=2, more=False, size_exponent=5)"", ""BLOCK2"": ""1098""}"
183.230.17.165,2769413815,192.168.0.123,2063640768,29011,42,udp,1,5683,34415,112,"</qlink/searchdevice>;title=""QLINK-FIND Resource"",</qlink/netinfo>;title=""QLINK-NETINFO Resource""",,,,,0,0,2025-10-20T14:12:19.552+0200,1760962339,552036,1,2,0,2.05 Content,32112,,"{""CONTENT_FORMAT"": ""LINKFORMAT""}"
180.158.182.99,1672912564,192.168.0.123,2063640768,25237,51,udp,1,5683,38780,12,,,,,,0,0,2025-10-20T14:12:28.689+0200,1760962348,689483,1,2,0,4.00 Bad Request,32112,,
162.208.220.43,735891618,192.168.0.123,2063640768,42792,45,udp,1,5683,53745,575,"</>;title=""General Info"";ct=0,</qlink/searchfh>;title=qlink/searchfh,</qlink/searchgw>;title=qlink/searchgw,</qlink/request>;title=qlink/request,</qlink/success>;title=qlink/success,</device/inform/bootstrap>;title=device/inform/bootstrap,</device/inform/boot>;title=device/inform/boot,</device/inform/syncreq>;title=device/inform/syncreq,</device/inform/offline>;title=device/inform/offline,</device/inform/heartbeat>;title=device/inform/heartbeat,</device/inform/data>;title=device/inform/data,</device/inform/change>;title=device/inform/change,</async>;ct=0",,,,,0,0,2025-10-20T14:12:31.355+0200,1760962351,355736,1,2,0,2.05 Content,32112,,"{""CONTENT_FORMAT"": ""LINKFORMAT""}"
175.148.214.206,3470169263,192.168.0.123,2063640768,9637,38,udp,1,5683,47623,1301,"</>;title=""General Info"";ct=0,</qlink/searchdevice>;title=""searchdevice"";obs,</qlink/netinfo>;title=""netinfo"";obs,</qlink/searchack>;title=""searchack"";obs,</device/command/unbind>;title=""unbind"";obs,</device/command/file>;title=""file"";obs,</device/command/log>;title=""log"";obs,</device/command/selfdetect>;title=""selfdetect"";obs,</qlink/searchdevice?true>;title=""searchdevice?true"";obs,</qlink/searchRouter?true>;title=""searchRouter?true"";obs,</qlink/guide?true>;title=""guide?true"";obs,</qlink/request?true>;title=""request?true"";obs,</apdevice/control/WiFiParameterSync>;title=""WiFiParameterSync"";obs,</apdevice/control/WiFiSwitch>;title=""WiFiSwitch"";obs,</apdevice/control/RadioConfig>;title=""RadioConfig"";obs,</apdevice/control/WPS>;title=""WPS"";obs,</apdevice/control/MacFilter>;title=""MacFilter"";obs,</apdevice/control/Reboot>;title=""Reboot"";obs,</apdevice/control/LEDControl>;title=""LEDControl"";obs,</apdevice/control/RoamingConfig>;title=""RoamingConfig"";obs,</apdevice/query/ApConfigInfo>;title=""ApConfigInfo"";obs,</apdevice/query/UplinkStatus>;title=""UplinkStatus"";obs,</apdevice/query/STAInfo>;title=""STAInfo"";obs,</apdevice/query/WiFiStats>;title=""WiFiStats"";obs,</apdevice/query/WiFiStatus>;title=""WiFiStatus"";obs,</apdevice/query/WlanNeighborInfo>;title=""WlanNeighborInfo"";obs",,,,,0,0,2025-10-20T14:12:31.743+0200,1760962351,743168,1,2,0,2.05 Content,32112,,"{""CONTENT_FORMAT"": ""LINKFORMAT""}"
183.234.218.147,2480597687,192.168.0.123,2063640768,1561,42,udp,1,5683,54218,285,"</qlink>,</qlink/searchgw>,</device>,</device/inform>,</device/inform/boot>,</device/inform/bootstrap>,</device/inform/data>,</device/inform/heartbeat>,</device/inform/offline>,</ekit>,</ekit/boot>,</ekit/bootstrap>,</ekit/heartbeat>,</ekit/searchgw>,</.well-known/core>",,,,,0,0,2025-10-20T14:12:32.938+0200,1760962352,938152,1,2,0,2.05 Content,32112,,"{""CONTENT_FORMAT"": ""LINKFORMAT""}"
176.196.219.104,1759233200,192.168.0.123,2063640768,50127,46,udp,1,5683,43123,99,"</register>,</ndm/dis>,</ndm/ci>,</mirror>,</uhp>,</ndm/logout>,</ndm/login>,</info>",,,,,0,0,2025-10-20T14:12:33.464+0200,1760962353,464092,1,2,0,2.05 Content,32112,,"{""CONTENT_FORMAT"": ""LINKFORMAT""}"
176.192.176.252,4239442096,192.168.0.123,2063640768,1323,243,udp,1,5683,54420,99,"</register>,</ndm/dis>,</ndm/ci>,</mirror>,</uhp>,</ndm/logout>,</ndm/login>,</info>",,,,,0,0,2025-10-20T14:12:35.428+0200,1760962355,428565,1,2,0,2.05 Content,32112,,"{""CONTENT_FORMAT"": ""LINKFORMAT""}"
191.243.222.159,2682188735,192.168.0.123,2063640768,21893,53,udp,1,5683,45181,575,"</>;title=""General Info"";ct=0,</qlink/searchfh>;title=qlink/searchfh,</qlink/searchgw>;title=qlink/searchgw,</qlink/request>;title=qlink/request,</qlink/success>;title=qlink/success,</device/inform/bootstrap>;title=device/inform/bootstrap,</device/inform/boot>;title=device/inform/boot,</device/inform/syncreq>;title=device/inform/syncreq,</device/inform/offline>;title=device/inform/offline,</device/inform/heartbeat>;title=device/inform/heartbeat,</device/inform/data>;title=device/inform/data,</device/inform/change>;title=device/inform/change,</async>;ct=0",,,,,0,0,2025-10-20T14:12:38.778+0200,1760962358,778343,1,2,0,2.05 Content,32112,,"{""CONTENT_FORMAT"": ""LINKFORMAT""}"
180.194.66.117,1967309492,192.168.0.123,2063640768,0,52,udp,1,5683,55602,524,"</>;title=""General Info"";ct=0,</qlink/searchfh>;title=qlink/searchfh,</qlink/searchgw>;title=qlink/searchgw,</qlink/request>;title=qlink/request,</qlink/success>;title=qlink/success,</device/inform/bootstrap>;title=device/inform/bootstrap,</device/inform/boot>;title=device/inform/boot,</device/inform/syncreq>;title=device/inform/syncreq,</device/inform/offline>;title=device/inform/offline,</device/inform/heartbeat>;title=device/inform/heartbeat,</device/inform/data>;title=device/inform/data,</async>;ct=0",,,,,0,0,2025-10-20T14:12:45.153+0200,1760962365,153934,1,2,0,2.05 Content,32112,,"{""CONTENT_FORMAT"": ""LINKFORMAT""}"
188.168.226.246,4142049468,192.168.0.123,2063640768,54644,51,udp,1,5683,45606,99,"</register>,</ndm/dis>,</ndm/ci>,</mirror>,</uhp>,</ndm/logout>,</ndm/login>,</info>",,,,,0,0,2025-10-20T14:14:05.717+0200,1760962445,717049,1,2,0,2.05 Content,32112,,"{""CONTENT_FORMAT"": ""LINKFORMAT""}"
188.242.233.187,3152671420,192.168.0.123,2063640768,49327,50,udp,1,5683,55710,99,"</register>,</ndm/dis>,</ndm/ci>,</mirror>,</uhp>,</ndm/logout>,</ndm/login>,</info>",,,,,0,0,2025-10-20T14:14:09.374+0200,1760962449,374295,1,2,0,2.05 Content,32112,,"{""CONTENT_FORMAT"": ""LINKFORMAT""}"
172.238.125.157,2642276012,192.168.0.123,2063640768,44769,48,udp,1,5683,52811,29,,,,,,0,0,2025-10-20T14:14:12.170+0200,1760962452,170962,1,0,0,GET,32112,,"{""URI_PATH"": "".well-known""}"
183.236.197.123,2076568759,192.168.0.123,2063640768,10110,42,udp,1,5683,48091,285,"</qlink>,</qlink/searchgw>,</device>,</device/inform>,</device/inform/boot>,</device/inform/bootstrap>,</device/inform/data>,</device/inform/heartbeat>,</device/inform/offline>,</ekit>,</ekit/boot>,</ekit/bootstrap>,</ekit/heartbeat>,</ekit/searchgw>,</.well-known/core>",,,,,0,0,2025-10-20T14:14:12.689+0200,1760962452,689683,1,2,0,2.05 Content,32112,,"{""CONTENT_FORMAT"": ""LINKFORMAT""}"
186.31.112.179,3010469818,192.168.0.123,2063640768,32206,52,udp,1,5683,35087,728,"</>;title=""General Info"";ct=0,</qlink/searchfh>;title=qlink/searchfh,</qlink/searchgw>;title=qlink/searchgw,</qlink/request>;title=qlink/request,</qlink/success>;title=qlink/success,</device/inform/bootstrap>;title=device/inform/bootstrap,</device/inform/boot>;title=device/inform/boot,</device/inform/syncreq>;title=device/inform/syncreq,</device/inform/offline>;title=device/inform/offline,</device/inform/heartbeat>;title=device/inform/heartbeat,</device/inform/data>;title=device/inform/data,</device/inform/change>;title=device/inform/change,</device/inform/statop>;title=device/inform/statop,</device/agent/toporequest>;title=device/agent/toporequest,</device/ubus/recv>;title=device/ubus/recv,</async>;ct=0",,,,,0,0,2025-10-20T14:14:19.959+0200,1760962459,959955,1,2,0,2.05 Content,32112,,"{""CONTENT_FORMAT"": ""LINKFORMAT""}"
178.44.121.133,2239311026,192.168.0.123,2063640768,5869,52,udp,1,5683,43014,99,"</register>,</ndm/dis>,</ndm/ci>,</mirror>,</uhp>,</ndm/logout>,</ndm/login>,</info>",,,,,0,0,2025-10-20T14:14:20.413+0200,1760962460,413017,1,2,0,2.05 Content,32112,,"{""CONTENT_FORMAT"": ""LINKFORMAT""}"
183.222.15.30,504356535,192.168.0.123,2063640768,5634,40,udp,1,5683,38977,285,"</qlink>,</qlink/searchgw>,</device>,</device/inform>,</device/inform/boot>,</device/inform/bootstrap>,</device/inform/data>,</device/inform/heartbeat>,</device/inform/offline>,</ekit>,</ekit/boot>,</ekit/bootstrap>,</ekit/heartbeat>,</ekit/searchgw>,</.well-known/core>",,,,,0,0,2025-10-20T14:14:22.111+0200,1760962462,111316,1,2,0,2.05 Content,32112,,"{""CONTENT_FORMAT"": ""LINKFORMAT""}"
160.32.194.4,79831200,192.168.0.123,2063640768,13807,47,udp,1,5683,42273,575,"</>;title=""General Info"";ct=0,</qlink/searchfh>;title=qlink/searchfh,</qlink/searchgw>;title=qlink/searchgw,</qlink/request>;title=qlink/request,</qlink/success>;title=qlink/success,</device/inform/bootstrap>;title=device/inform/bootstrap,</device/inform/boot>;title=device/inform/boot,</device/inform/syncreq>;title=device/inform/syncreq,</device/inform/offline>;title=device/inform/offline,</device/inform/heartbeat>;title=device/inform/heartbeat,</device/inform/data>;title=device/inform/data,</device/inform/change>;title=device/inform/change,</async>;ct=0",,,,,0,0,2025-10-20T14:14:22.349+0200,1760962462,349851,1,2,0,2.05 Content,32112,,"{""CONTENT_FORMAT"": ""LINKFORMAT""}"
178.75.105.101,1701399474,192.168.0.123,2063640768,58973,54,udp,1,5683,41940,99,"</register>,</ndm/dis>,</ndm/ci>,</mirror>,</uhp>,</ndm/logout>,</ndm/login>,</info>",,,,,0,0,2025-10-20T14:14:22.889+0200,1760962462,889516,1,2,0,2.05 Content,32112,,"{""CONTENT_FORMAT"": ""LINKFORMAT""}"
183.236.66.91,1531112631,192.168.0.123,2063640768,41093,43,udp,1,5683,59914,991,"</qlink>,</qlink/ack>;title=""Qlink-ACK Resource"",</qlink/request>;title=""Qlink-Request Resource"",</qlink/searchgw>;title=""SearchGW Resource"",</qlink/success>;title=""Qlink-Success Resource"",</qlink/wlantest>;title=""Qlink-WLAN Resource"",</gw>,</gw/query>,</gw/query/DiagnotorConnection>;title=""Connect To Diagnotor"",</gw/query/apdevices>;title=""Inform Data Resource"",</gw/query/config>;title=""config-properties Resource"",</basic>,</basic/regist>;title=""Qlink-Regist Resource"",</basic/show>;title=""Qlink-SHOW Resource"",</device>,</device/command>,</device/command/control>;title=""Device Control Resource"",</device/command/data>;title=""Control Data Resource"",</device/inform>,</device/inform/boot>;title=""Boot-Request Resource"",</device/inform/bootstrap>;title=""bootstrap-Request Resource"",</device/inform/data>;obs;title=""Inform Data Resource"",</device/inform/heartbeat>;title=""HeartBeat Resource"",</device/inform/offline>;title=""ChildDevice Offline Resource"",</.well-known/core>",,,,,0,0,2025-10-20T14:14:23.291+0200,1760962463,291938,1,2,0,2.05 Content,32112,,"{""CONTENT_FORMAT"": ""LINKFORMAT""}"
172.234.175.253,4256164524,192.168.0.123,2063640768,49447,51,udp,1,5683,33057,29,,,,,,0,0,2025-10-20T14:14:29.820+0200,1760962469,820875,1,0,0,GET,32112,,"{""URI_PATH"": "".well-known""}"
